{"acc": 0.02602150876127703, "comp": 0.02883841155729409}